"氏名","ふりがな","氏名ふりがな"
"塚田ひさこ","つかだひさこ","塚田ひさこ（つかだひさこ）"
"池田裕一","いけだゆういち","池田裕一（いけだゆういち）"
"磯一昭","いそかずあき","磯一昭（いそかずあき）"
"根岸光洋","ねぎしこうよう","根岸光洋（ねぎしこうよう）"
"永野裕子","ながのゆうこ","永野裕子（ながのゆうこ）"
"清水みちこ","しみずみちこ","清水みちこ（しみずみちこ）"
"わがい哲代","わがいさとしだい","わがい哲代（わがいさとしだい）"
"古堺としひと","こさかいとしひと","古堺としひと（こさかいとしひと）"
"小林弘明","こばやしひろあき","小林弘明（こばやしひろあき）"
"くつざわ亮治","くつざわりょうじ","くつざわ亮治（くつざわりょうじ）"
"西山陽介","にしやまようすけ","西山陽介（にしやまようすけ）"
"元谷ゆりな","もとたにゆりな","元谷ゆりな（もとたにゆりな）"
"小林ひろみ","こばやしひろみ","小林ひろみ（こばやしひろみ）"
"ふるぼう知生","ふるぼうともお","ふるぼう知生（ふるぼうともお）"
"さくま一生","さくまいっしょう","さくま一生（さくまいっしょう）"
"松下創一郎","まつしたそういちろう","松下創一郎（まつしたそういちろう）"
"石橋正史","いしばしせいし","石橋正史（いしばしせいし）"
"里中郁男","さとなかいくお","里中郁男（さとなかいくお）"
"渡辺くみ子","わたなべくみこ","渡辺くみ子（わたなべくみこ）"
"芳賀竜朗","はがりゅうあきら","芳賀竜朗（はがりゅうあきら）"
"儀武さとる","ぎたけしさとる","儀武さとる（ぎたけしさとる）"
"ふまミチ","ふまみち","ふまミチ（ふまみち）"
"辻薫","つじかおる","辻薫（つじかおる）"
"細川正博","ほそかわまさひろ","細川正博（ほそかわまさひろ）"
"中澤まさゆき","なかざわまさゆき","中澤まさゆき（なかざわまさゆき）"
"島村高彦","しまむらたかひこ","島村高彦（しまむらたかひこ）"
"木下広","きのしたこう","木下広（きのしたこう）"
"高橋佳代子","たかはしかよこ","高橋佳代子（たかはしかよこ）"
"星京子","ほしきょうこ","星京子（ほしきょうこ）"
"藤澤愛子","ふじさわあいこ","藤澤愛子（ふじさわあいこ）"
"川瀬さなえ","かわせさなえ","川瀬さなえ（かわせさなえ）"
"竹下ひろみ","たけしたひろみ","竹下ひろみ（たけしたひろみ）"
"入江あゆみ","いりえあゆみ","入江あゆみ（いりえあゆみ）"
"河原弘明","かわらひろあき","河原弘明（かわらひろあき）"
"有里真穂","ゆりまほ","有里真穂（ゆりまほ）"
"村上宇一","むらかみういち","村上宇一（むらかみういち）"
"山口菊子","やまぐちきくこ","山口菊子（やまぐちきくこ）"
"吉村辰明","よしむらたつあき","吉村辰明（よしむらたつあき）"
"森とおる","もりとおる","森とおる（もりとおる）"
"石川大我","いしかわたいが","石川大我（いしかわたいが）"
"中島義春","なかじまよしはる","中島義春（なかじまよしはる）"
"垣内信行","かきうちのぶゆき","垣内信行（かきうちのぶゆき）"
"藤本きんじ","ふじもときんじ","藤本きんじ（ふじもときんじ）"
"大谷洋子","おおたにようこ","大谷洋子（おおたにようこ）"
"村上典子","むらかみのりこ","村上典子（むらかみのりこ）"
"本橋弘隆","もとはしひろたか","本橋弘隆（もとはしひろたか）"
"里中","さとなか","里中（さとなか）"
"森","もり","森（もり）"
"永野","ながの","永野（ながの）"
"此島澄子","これしますみこ","此島澄子（これしますみこ）"
"古堺稔人","こさかいみのるにん","古堺稔人（こさかいみのるにん）"
"中田兵衛","なかだべえ","中田兵衛（なかだべえ）"
"河野たえ子","こうのたえこ","河野たえ子（こうのたえこ）"
"関谷二葉","せきやふたば","関谷二葉（せきやふたば）"
"堀宏道","ほりこうどう","堀宏道（ほりこうどう）"
"古坊知生","こぼうともお","古坊知生（こぼうともお）"
"橋本久美","はしもとくみ","橋本久美（はしもとくみ）"
"日野克彰","ひのかつあき","日野克彰（ひのかつあき）"
"和賀井哲代","わかいさとしだい","和賀井哲代（わかいさとしだい）"
"小林俊史","こばやししゅんじ","小林俊史（こばやししゅんじ）"
"遠竹よしこ","とおだけよしこ","遠竹よしこ（とおだけよしこ）"
"水谷泉","みずたにいずみ","水谷泉（みずたにいずみ）"
"原田まさひろ","はらだまさひろ","原田まさひろ（はらだまさひろ）"
"五十嵐みのる","いがらしみのる","五十嵐みのる（いがらしみのる）"
"小峰博","こみねひろし","小峰博（こみねひろし）"
"小倉秀雄","おぐらひでお","小倉秀雄（おぐらひでお）"
"副島健","ふくしまたけし","副島健（ふくしまたけし）"
"篠敞一","しのしょういち","篠敞一（しのしょういち）"
"戸塚由雄","とつかよしお","戸塚由雄（とつかよしお）"
"池内晋三郎","いけうちしんぞうろう","池内晋三郎（いけうちしんぞうろう）"
"吉田明三","よしだめいさん","吉田明三（よしだめいさん）"
"池田尚弘","いけだなおひろ","池田尚弘（いけだなおひろ）"
"原田太吉","はらだたきち","原田太吉（はらだたきち）"
"福原保子","ふくはらやすこ","福原保子（ふくはらやすこ）"
"吉田敬","よしだたかし","吉田敬（よしだたかし）"
"泉谷つよし","いずみたにつよし","泉谷つよし（いずみたにつよし）"
"水間和子","みずまかずこ","水間和子（みずまかずこ）"
